,Year_since_est,Crop,"WO=winter oats, ",Winter_Spring_crop,Cereal,Site,Year_callender,Treat,Field_id,Crop_Failed,Precision_Ag,Seed_weight_0.25,Precision_Ag_whole_site,PrecAg_yield_t_ha,CoverCrop_inthepreceedingyear,FYM,Margin_area_ha,in_field_strip_area_ha,Crop_value_GBP_tonne_FOR_CALCULATION,FM_yield_reduction_at_edges,Treat_2_3,Treat_3,Field_total_Area_ha,cropped_area_ha,Worms_Anecic_ave,blackgrass_ave,Weeds_ave,FM_sown_forb_SR_ave,Drop_disk_ave,Aphid_cards_plant_aveN_eaten,Slug_biomass,Snail_biomass,Parasitized_aphids_hand_search,Aphids_hand_search,Predaors_hand_search_sum,Carabidae_Pitfall_N_mean,spider_Pitfall_N_mean,staph_Pitfall_N_mean,Parasitoid_OSR_N,Parasitoid_Cereal_N,Bee_N_margin_m2,Parasitoid_N_margin_m2,Hoverfly_N_margin_m2,Shannon_landuse,Pollination_assessment_OSR,Yield_from_poll,SMD_Ave_value_crop_ha_noAESpayment,SMD_Ave_value_crop_ha_withAESpayment,SMD_Yield_Tonnes_ha_corrected
1,Yr1,WW,Winter,Winter,Cereal,BW,2018,T1,BW_T1,0,1,165.625,1,9.370499412,0,0,0,0,169.7639516,0.9,0,0,17.1,17.1,0,0,0,0.75,75.7,NA,0.25,0.1875,0,8.5,2,20.41666667,16.58333333,15.47222222,3.625,10,0,0,0.0125,0.548034727,0,NA,1.14255494,1.102726979,-0.795717017
2,Yr1,WW,Winter,Winter,Cereal,BW,2018,T2,BW_T2,0,1,172.5125,1,9.758245678,0,0,0.777,0,169.7639516,0.9,1,0,8.91,8.133,0.3,0,0,5.25,7.35,NA,0,0.175,0,0,1.5,18.6,13.975,13.325,2.5625,11.1875,0.025,0.0125,0.025,0.548034727,0,NA,-0.715936231,-0.848002845,-0.326797149
3,Yr1,WW,Winter,Winter,Cereal,BW,2018,T3,BW_T3,0,1,193.8,1,10.01103902,0,1,0.7428,0.4938,169.7639516,0.9,1,1,14.34,13.1034,0.2,0,0,7.25,6.35,NA,0,0.1,0,10,1,30.64583333,17.97916667,16.83333333,2.1875,13.25,0.0125,0.025,0.025,0.548034727,0,NA,-0.426618709,-0.254724134,1.122514166
4,Yr1,WW,Winter,Winter,Cereal,CC,2018,T1,CC_T1,0,0,136.5625,0,NA,0,0,0,0,169.7639516,0.9,0,0,15.46,15.46,0.2,0.375,0,1,10.45,3.13E-01,1.0625,9.38E-02,0,0,3.5,31.46153846,20.97435897,15.46153846,0.1875,1.5,0,0,0,0.600581205,0,NA,0.604682021,-0.729833143,-1.037344779
5,Yr1,WW,Winter,Winter,Cereal,CC,2018,T2,CC_T2,0,0,160.31875,0,NA,0,0,0.3648,0,169.7639516,0.9,1,0,8.35,7.9852,0.1,0.9375,0,0,17,3.75E-01,1.1875,1.88E-02,0,2,2.5,25.43243243,17.59459459,6.864864865,1.0625,5.3125,0.0375,0.1625,0.0375,0.600581205,0,NA,0.549580195,1.139840882,0.079426606
6,Yr1,WW,Winter,Winter,Cereal,CC,2018,T3,CC_T3,0,0,179.00625,0,NA,0,1,1.1076,0.8064,169.7639516,0.9,1,1,20.94,19.026,0.1,0.75,0,0.5,6.2,0.75,1.5625,6.25E-03,0,0,3,28.42857143,18.42857143,7.738095238,0.6875,4.125,0.0125,0.025,0.05,0.765432292,0,NA,-1.154262216,-0.410007739,0.957918172
7,Yr1,OSR,OSR,Winter,Flower,CF,2018,T1,CF_T1,0,0,120.70625,0,NA,0,0,0,0,321.88,0.82,0,0,9.55,9.55,0.7,0,0,1,35.35,NA,0.25,0,0,0,0,29.64864865,22.32432432,27.40540541,0.5625,0.5625,0.2,0.1375,0.0125,0.952753758,0,NA,1.143082272,1.145065977,1.141167649
8,Yr1,OSR,OSR,Winter,Flower,CF,2018,T2,CF_T2,0,0,85.489375,0,NA,0,0,0.6504,0,321.88,0.82,1,0,9.03,8.3796,0.1,0,0,5.25,3,NA,0.3125,0,0,0,0,45.46153846,19.64102564,15.15384615,4.875,3.0625,0,0,0,1.067828701,0,NA,-0.430041351,-0.443622434,-0.723234726
9,Yr1,OSR,OSR,Winter,Flower,CF,2018,T3,CF_T3,0,0,91.25625,0,NA,0,1,0.4692,0.5154,321.88,0.82,1,1,9.53,8.5454,0.4,0,0,4.5,6.7,NA,0.4375,0,0,0,0,34.47619048,20.4047619,11.61904762,3.125,2.4375,0.0375,0.0125,0,1.067828701,0,NA,-0.713040921,-0.701443543,-0.417932923
10,Yr1,WW,Winter,Winter,Cereal,DE,2018,T1,DE_T1,0,0,187.4375,0,NA,0,0,0,0,169.7639516,0.9,0,0,11.95,11.95,1,0,0,0.75,0,NA,0,0,0,0,0,5.125,18.75,4.775,0.1875,0.1875,0.0125,0,0.0875,0.682412415,0,NA,0.963718486,0.917871251,1.132557629
11,Yr1,WW,Winter,Winter,Cereal,DE,2018,T2,DE_T2,0,0,178.41875,0,NA,0,0,0.2988,0,169.7639516,0.9,1,0,9.94,9.6412,0,0,0.0625,8.5,0,NA,0,0,0,0,0,4.8,19.55,2.4,0.125,0.125,0,0,0.0125,1.122774224,0,NA,0.068990111,0.147805073,-0.371381627
12,Yr1,WW,Winter,Winter,Cereal,DE,2018,T3,DE_T3,0,0,176.08125,0,NA,0,1,0.321,0.276,169.7639516,0.9,1,1,7.85,7.253,0,0.0625,0.375,5.75,0,NA,0,0,0,0,0,8.872340426,20.46808511,3.595744681,0,0,0,0,0,1.107885072,0,NA,-1.032708596,-1.065676324,-0.761176001
13,Yr1,WW,Winter,Winter,Cereal,DL,2018,T1,DL_T1,0,0,183.578125,0,NA,0,0,0,0,169.7639516,0.9,0,0,10.9,10.9,1,0,0,1.25,63.15,NA,0.25,0.121875,0,0,3.5,4.297297297,5.621621622,6.351351351,2.3125,9.9375,0.0375,0,0.0125,0.759343283,0,NA,0.322798427,-0.070293335,-1.146930853
14,Yr1,WW,Winter,Winter,Cereal,DL,2018,T2,DL_T2,0,0,219.846875,0,NA,0,0,0.3594,0,169.7639516,0.9,1,0,11.36,11.0006,0.8,0,0,6.75,7.25,NA,2.8125,6.25E-02,0,0,1,11.74358974,9.58974359,4.923076923,2.1875,11.1875,0.1,0.0125,0.2125,0.642651864,0,NA,0.798731445,1.033292015,0.689276542
15,Yr1,WW,Winter,Winter,Cereal,DL,2018,T3,DL_T3,0,0,215.271875,0,NA,0,1,0.5418,0.3384,169.7639516,0.9,1,1,8.51,7.6298,0.4,0,0,7.5,6.75,NA,0.4375,0.20625,0,0,4,11.5106383,8.042553191,7.978723404,1.875,9.375,0.0125,0.025,0.075,0.642651864,0,NA,-1.121529872,-0.96299868,0.45765431
16,Yr1,WW,Winter,Winter,Cereal,DP,2018,T1,DP_T1,0,0,196.95,0,NA,0,0,0,0,169.7639516,0.9,0,0,7.68,7.68,1,0.625,0,2,0,NA,0,0,0,0,15,22.525,11.025,3.125,2.875,7.8125,0.0125,0,0.125,1.013075414,0,NA,0.257446116,-0.063195981,-0.993529386
17,Yr1,WW,Winter,Winter,Cereal,DP,2018,T2,DP_T2,0,0,243.43125,0,NA,0,0,0.618,0,169.7639516,0.9,1,0,17.05,16.432,1,0,0,5.25,0,NA,0,0,0,0,12.5,7.2,14.15,3.025,5.8125,14.6875,0,0,0.025,0.71877626,0,NA,0.846105708,1.030099218,1.006347385
18,Yr1,WW,Winter,Winter,Cereal,DP,2018,T3,DP_T3,0,0,219.74375,0,NA,0,1,0.5892,0.7254,169.7639516,0.9,1,1,14.19,12.8754,0,2,0,7.75,0,NA,0,0,0,0,14.5,8.844444444,7.155555556,1.044444444,5,10.0625,0,0,0.025,0.838944898,0,NA,-1.103551824,-0.966903237,-0.012817999
19,Yr1,WW,Winter,Winter,Cereal,EH,2018,T1,EH_T1,0,0,205.609375,0,NA,0,0,0,0,169.7639516,0.9,0,0,13.46,13.46,0.3,0,0,1,7.3,NA,0.1875,0.11875,0,0.5,3,17.21621622,8.567567568,9.513513514,2.625,10.5,0,0.0125,0,0.944944919,0,NA,0.463553397,0.146678068,-0.855563952
20,Yr1,WW,Winter,Winter,Cereal,EH,2018,T2,EH_T2,0,0,241.878125,0,NA,0,0,0.5196,0,169.7639516,0.9,1,0,12.42,11.9004,0.3,0,0,6.5,8.7,NA,6.25E-02,0.1875,0,0.5,2,2.717948718,13.56410256,7.333333333,0.625,6.75,0.05,0.2375,0.725,1.147187093,0,NA,0.684104673,0.918560234,1.099353077
21,Yr1,WW,Winter,Winter,Cereal,EH,2018,T3,EH_T3,0,0,216.959375,0,NA,0,1,0.306,0.5544,169.7639516,0.9,1,1,11.87,11.0096,0,0,0,7.75,15.6,NA,0,2.50E-02,0.5,0.5,7,7.826086957,18.17391304,6.5,1.5625,11,0.2,0.7,0.3375,0.979085171,0,NA,-1.14765807,-1.065238302,-0.243789125
22,Yr1,SB,Spring,Spring,Cereal,FE,2018,T1,FE_T1,0,0,90.95625,0,NA,0,0,0,0,151.9973744,0.9,0,0,11.28,11.28,0.3,0,0,4.5,15.4,NA,0,1.25E-02,0,0,0,3.289473684,18.68421053,5.078947368,0.75,3.9375,0.5,0.0375,0.125,0.805027258,0,NA,1.098750483,1.099496103,0.974349334
23,Yr1,SB,Spring,Spring,Cereal,FE,2018,T2,FE_T2,0,0,74.09125,0,NA,1,0,0.3588,0,151.9973744,0.9,1,0,11.82,11.4612,1.4,0,0,8.25,11.1,NA,0,6.88E-02,0,0,0,4.868421053,16.34210526,3.315789474,1.1875,6.4375,0.8875,0.375,0.1875,0.886747388,0,NA,-0.241868279,-0.24424643,-1.023814706
24,Yr1,SB,Spring,Spring,Cereal,FE,2018,T3,FE_T3,0,0,83.15,0,NA,1,1,0.5226,0.4452,151.9973744,0.9,1,1,15.1,14.1322,0.4,0,0,8,6.4,NA,0,6.25E-03,0,0,0,4.065217391,12.67391304,2.456521739,1.375,5.875,0.25,0,0.175,0.75304758,0,NA,-0.856882204,-0.855249672,0.049465371
25,Yr1,OSR,OSR,Winter,Flower,HI,2018,T1,HI_T1,0,1,47.60769231,1,2.575335819,0,0,0,0,321.88,0.82,0,0,9.49,9.49,0.1,0,0,1,46.15,NA,0,0,0,0,0,27.15384615,8.923076923,6.692307692,1.9375,1.25,0.225,0.25,0.3125,0.677709938,0,NA,0.512892045,0.268533043,-0.155297029
26,Yr1,OSR,OSR,Winter,Flower,HI,2018,T2,HI_T2,0,1,60.9925,1,3.073836783,0,0,0.396,0,321.88,0.82,1,0,9.75,9.354,0,0,0,5.75,12.2,NA,0,0,0,0,0,34.43589744,13.15384615,9.692307692,3.1875,1.625,0,0,0.875,0.444344738,0,NA,0.639492766,0.838316382,1.068563306
27,Yr1,OSR,OSR,Winter,Flower,HI,2018,T3,HI_T3,0,1,39.318125,1,2.602007828,0,1,0.3966,0.429,321.88,0.82,1,1,11.12,10.2944,0.2,0,0,6.25,11.1,NA,0,0,0,0,0,47.375,9.958333333,21.9375,1.5,1,0,0,0.3375,0.674749578,0,NA,-1.152384811,-1.106849425,-0.913266277
28,Yr1,WW,Winter,Winter,Cereal,LN,2018,T1,LN_T1,0,0,195.175,0,NA,0,0,0,0,169.7639516,0.9,0,0,8.32,8.32,0,0,0,0.75,0,NA,0,0,0,0,5.5,3.842105263,8.052631579,0.684210526,7.4375,11.6875,0.1,0,0.175,0.545044366,0,NA,0.987576972,0.895659523,0.623426208
29,Yr1,WW,Winter,Winter,Cereal,LN,2018,T2,LN_T2,0,0,193.45625,0,NA,0,0,0.6294,0,169.7639516,0.9,1,0,9.85,9.2206,1,0,0,4.5,0,NA,0,0,0,0,7,1.361111111,5.305555556,0.333333333,6.75,10.1875,0.025,0,0.075,0.587774291,0,NA,0.024399504,0.183316429,0.530014181
30,Yr1,WW,Winter,Winter,Cereal,LN,2018,T3,LN_T3,0,0,162.48125,0,NA,0,1,0.4188,0.5172,169.7639516,0.9,1,1,13.8,12.864,0,0,0.1875,6.25,0,NA,0,0,0,0,6.5,2.531914894,6.936170213,1.936170213,6.25,8.8125,0.5,0,0.1375,0.491957284,0,NA,-1.011976476,-1.078975952,-1.153440389
31,Yr1,WW,Winter,Winter,Cereal,MAF,2018,T1,MAF_T1,0,0,215.53125,0,NA,0,0,0,0,169.7639516,0.9,0,0,13.67,13.67,1,0.0625,0,0.25,0,NA,0,0,0,0,4,125.75,9.475,1.15,3.5,12.625,0.025,0,0,0.828913176,0,NA,0.880430686,0.755050589,-1.001532553
32,Yr1,WW,Winter,Winter,Cereal,MAF,2018,T2,MAF_T2,0,0,223.025,0,NA,0,0,0.4602,0,169.7639516,0.9,1,0,12.5,12.0398,1,0,0,0,0,NA,0,0,0,0,7.5,30.825,12.5,1.625,3.125,9.5625,0,0,0,0.897480193,0,NA,0.206801933,0.37906175,0.003072186
33,Yr1,WW,Winter,Winter,Cereal,MAF,2018,T3,MAF_T3,0,0,230.45,0,NA,0,1,0.3342,0.3516,169.7639516,0.9,1,1,7.62,6.9342,1,0,0,0.5,0,NA,0,0,0,0,6,75.02173913,9.434782609,0.934782609,4.875,9.9375,0,0,0,0.845676163,0,NA,-1.087232619,-1.134112339,0.998460368
34,Yr1,SB,Spring,Spring,Cereal,PF,2018,T1,PF_T1,0,0,93.825,0,NA,0,0,0,0,151.9973744,0.9,0,0,5.33,5.33,1,0,0,1.25,29.35,NA,0,0,0,0,0,6.388888889,21.25,4.194444444,0.5625,3.8125,0.075,0,0.05,0.824441558,0,NA,0.955577163,0.877612406,1.079869061
35,Yr1,SB,Spring,Spring,Cereal,PF,2018,T2,PF_T2,0,0,86.206875,0,NA,1,0,0.288,0,151.9973744,0.9,1,0,7.71,7.422,0.1,0,0,7.5,12.4,NA,0,0,0,0,0,1.648648649,17.08108108,3.648648649,0.8125,4.0625,0.0125,0,0.0125,0.910902863,0,NA,0.083597394,0.211076362,-0.185798812
36,Yr1,SB,Spring,Spring,Cereal,PF,2018,T3,PF_T3,0,0,81.94375,0,NA,1,1,0.3132,0.3708,151.9973744,0.9,1,1,7.54,6.856,0.5,0,0,7,16.9,NA,0,0,0,0,0,4.085106383,11.4893617,4.723404255,0.875,3.8125,0.05,0,0,1.067438162,0,NA,-1.039174557,-1.088688768,-0.89407025
37,Yr1,OSR,OSR,Winter,Flower,RSPB,2018,T1,RSPB_T1,0,0,25.15833333,0,NA,0,0,0,0,321.88,0.82,0,0,9.74,9.74,0,0,0,0,0,NA,0,0,0,0,0,5.714285714,8.5,1.285714286,1,0.6875,0,0,0,0.661130659,0,NA,-0.333921594,-0.612549668,-0.924704096
38,Yr1,OSR,OSR,Winter,Flower,RSPB,2018,T2,RSPB_T2,0,0,58.98125,0,NA,0,0,0.4752,0,321.88,0.82,1,0,13.38,12.9048,1,0,0,6.75,0.65,NA,0,0,0,0,0,9.157894737,20.26315789,1.157894737,0.4375,0.3125,0,0,0.025,0.649049204,0,NA,1.124234152,1.153970049,1.061260848
39,Yr1,OSR,OSR,Winter,Flower,RSPB,2018,T3,RSPB_T3,0,0,38.58125,0,NA,0,1,0.5688,0.9918,321.88,0.82,1,1,22.12,20.5594,0,0,0,6.75,4.25,NA,0,0,0,0,0,5.458333333,17.875,0.583333333,1.875,0.6875,0,0,0,0.881754952,0,NA,-0.790312558,-0.541420381,-0.136556752
40,Yr1,SB,Spring,Spring,Cereal,WE,2018,T1,WE_T1,0,0,171.8125,0,NA,0,0,0,0,151.9973744,0.9,0,0,16.53,16.53,0,0,0,1,24.9,NA,0,0,0,0,0,2.615384615,22.41025641,4.102564103,1.125,2.0625,0.025,0,0,0.98160135,0,NA,0.973078625,0.925928404,0.996669862
41,Yr1,SB,Spring,Spring,Cereal,WE,2018,T2,WE_T2,0,0,156.5625,0,NA,1,0,0.459,0,151.9973744,0.9,1,0,11.83,11.371,0,0,0,1.5,18.35,NA,0,0,0,0,0,2.6,19.6,2.475,0.6875,1.125,0,0,0.025,0.952275483,0,NA,0.051827191,0.134524245,0.006627334
42,Yr1,SB,Spring,Spring,Cereal,WE,2018,T3,WE_T3,0,0,141.00625,0,NA,1,1,0.447,0.693,151.9973744,0.9,1,1,14.09,12.95,0,0,0,5.75,10.6,NA,0,0,0,0,0,2.270833333,15.4375,1.0625,1.0625,2.75,0,0,0,0.837636223,0,NA,-1.024905816,-1.060452648,-1.003297196
43,Yr2,WW,Winter,Winter,Cereal,BB,2019,T1,BB_T1,0,0,274.325,0,NA,0,0,0,0,169.7639516,0.9,0,0,4.9,4.9,1,0,0.0625,1.75,31.35,1.25E-01,2,0,0,0,6.5,2.425,18.3,10.45,9.75,23.375,0,0,0.1125,0.544535071,0,NA,1.084690869,1.087922454,1.08067859
44,Yr2,WW,Winter,Winter,Cereal,BB,2019,T2,BB_T2,0,0,242.08125,0,NA,0,0,0.2508,0,169.7639516,0.9,1,0,4.55,4.2992,0,0,0.125,8.25,68.95,4.38E-01,3.13E-02,0,0,0,15.5,12.95,29.575,13.45,5.125,19,0.1125,0,0.525,0.923468019,0,NA,-0.199439777,-0.208821629,-0.892618075
45,Yr2,WW,Winter,Winter,Cereal,BB,2019,T3,BB_T3,0,0,253.59375,0,NA,0,0,0.2628,0.2394,169.7639516,0.9,1,1,4.42,3.9178,1.5,6.1875,0,6.75,78.75,3.13E-01,4.53125,0,0,0,8,2.875,19.3125,7.1875,6.625,18.5625,0.2125,0,1.9875,0.92616285,0,NA,-0.885251092,-0.879100825,-0.188060514
46,Yr1,OSR,OSR,Winter,Flower,BF,2019,T1,BF_T1,0,0,57.469375,0,NA,0,0,0,0,321.88,0.82,0,0,8.66,8.66,2.25,0,0,1.25,26.55,NA,12.221875,0,0,0,0,19.36666667,19.06666667,4.466666667,4.9375,4.0625,0.0125,0.025,0.15,1.11892178,0,NA,0.768186342,-0.066350191,-1.111763743
47,Yr1,OSR,OSR,Winter,Flower,BF,2019,T2,BF_T2,0,0,68.89,0,NA,0,0,0.5922,0,321.88,0.82,1,0,11.12,10.5278,3,0,0,10.5,12.55,NA,4.78125,6.25E-03,0,0,0,16.94117647,12.14705882,3.5,4.3125,2,0.225,0.025,0.8,1.183916852,0,NA,0.362510679,1.03152285,0.285722594
48,Yr1,OSR,OSR,Winter,Flower,BF,2019,T3,BF_T3,0,0,73.305625,0,NA,0,1,0.408,0.2454,321.88,0.82,1,1,7.23,6.5766,2,0,0,10,15.75,NA,7.465625,0,0,0,0,14.47826087,20.60869565,8.608695652,3.9375,3.5,0.2875,0.0125,0.625,1.152457176,0,NA,-1.13069702,-0.965172659,0.826041149
49,Yr2,WW,Winter,Winter,Cereal,CF,2019,T1,CF_T1,0,0,225.1875,0,NA,0,0,0,0,169.7639516,0.9,0,0,9.55,9.55,2,0,0,1,35.1,1.3125,1.76875,6.25E-03,3.5,24,4,36.15384615,17.25641026,6.102564103,1.5625,6.5625,0.1,0.95,0.075,0.952753758,0,NA,1.119719849,1.111993189,-0.741305929
50,Yr2,WW,Winter,Winter,Cereal,CF,2019,T2,CF_T2,0,0,229.7,0,NA,0,0,0.6504,0,169.7639516,0.9,1,0,9.03,8.3796,1.666666667,0,0,7.5,67,1.0625,1.503125,6.25E-03,1,5,0.5,65.39473684,14.10526316,5.473684211,0.875,2.8125,0.175,0,1.0125,1.067828701,0,NA,-0.31558427,-0.286546488,-0.396060242
51,Yr2,WW,Winter,Winter,Cereal,CF,2019,T3,CF_T3,0,0,249.7425,0,NA,0,0,0.4692,0.5154,169.7639516,0.9,1,1,9.53,8.5454,1.75,0,0.176470588,8.25,96.25,0.8125,2.39375,0,1,20,0.5,43.62222222,9.066666667,6.4,0.375,1.5625,0.25,0.0875,1.6375,1.067828701,0,NA,-0.804135579,-0.825446702,1.13736617
52,Yr2,WO,Winter,Winter,Cereal,DE,2019,T1,DE_T1,1,0,231.78125,0,NA,0,0,0,0,136.5,0.9,0,0,5.59,5.59,1,0,0,0.75,28.6,NA,0.3125,0,0,0,0,8.125,10.5,2.5,0.25,0.4375,0.025,0,0.2375,0.682412415,0,NA,NA,NA,NA
53,Yr2,WO,Winter,Winter,Cereal,DE,2019,T2,DE_T2,0,0,197.4,0,NA,0,0,0.2988,0,136.5,0.9,1,0,9.94,9.6412,0,0,0,6.25,65.15,NA,0,0,0,0,0,6.125,6,2.75,0.125,6.9375,0.0875,0,0.675,1.122774224,0,NA,0.707106781,0.707106781,0.707106781
54,Yr2,WO,Winter,Winter,Cereal,DE,2019,T3,DE_T3,0,0,179.725,0,NA,0,0,0.321,0.276,136.5,0.9,1,1,7.85,7.253,1,0,0,7,49.2,NA,0,0,0,0,0,23.875,6.875,6.125,1.1875,1.8125,0.0375,0,0.3,1.107885072,0,NA,-0.707106781,-0.707106781,-0.707106781
55,Yr2,SB,Spring,Spring,Cereal,DL,2019,T1,DL_T1,0,0,86.00625,0,NA,0,0,0,0,151.9973744,0.9,0,0,10.9,10.9,1,0,0,0.5,76.5,0.5,1.09375,0.140625,0.5,9.5,2,5.743589744,11.17948718,1.948717949,2,4.25,0.05,0.0375,0.375,0.759343283,0,NA,-0.280858461,-0.823534284,-1.153590246
56,Yr2,SB,Spring,Spring,Cereal,DL,2019,T2,DL_T2,0,1,135.04875,0,6.964600072,1,0,0.3594,0,151.9973744,0.9,1,0,11.36,11.0006,2,0,0,7.5,72.45,0.6875,0.49375,3.13E-03,9,121.5,1,12.94736842,19.78947368,5.078947368,5.875,25.375,0.175,0.2125,0.25,0.642651864,0,NA,1.110397732,1.112726101,0.620637552
57,Yr2,SB,Spring,Spring,Cereal,DL,2019,T3,DL_T3,0,1,132.625,0,6.472351611,1,0,0.5418,0.3384,151.9973744,0.9,1,1,8.51,7.6298,2,0,0,9.5,55.55,0.5625,0.28125,4.06E-02,8.5,121.5,25.5,8.488888889,22.13333333,6.844444444,5.875,15.4375,0.3125,0.0875,0.5,0.642651864,0,NA,-0.829539271,-0.289191818,0.532952694
58,Yr2,SB,Spring,Spring,Cereal,DP,2019,T1,DP_T1,0,0,187.9,0,NA,0,0,0,0,151.9973744,0.9,0,0,7.68,7.68,1.4,0,0.8125,2.25,19.3,1.25E-01,0.25,2.375,0,0,5,7.225,10.425,2.025,6.125,18,0.125,0,0.175,1.013075414,0,NA,0.680685265,0.486369441,-0.444314631
59,Yr2,SB,Spring,Spring,Cereal,DP,2019,T2,DP_T2,0,0,205.2875,0,NA,1,0,0.618,0,151.9973744,0.9,1,0,17.05,16.432,2.25,0,0.1875,6.75,76.4,4.38E-01,0,0,0,0,5.5,10,7.974358974,4.615384615,10.875,32.625,0.15,0,0.15,0.71877626,0,NA,0.467432508,0.663779212,1.145162397
60,Yr2,SB,Spring,Spring,Cereal,DP,2019,T3,DP_T3,0,0,185.09375,0,NA,1,0,0.5892,0.7254,151.9973744,0.9,1,1,14.19,12.8754,1,0,0.375,6.5,70.9,0,0,0,0,0,2.5,17.35416667,13.5,3.583333333,6.25,18.125,0.0625,0,0.325,0.838944898,0,NA,-1.148117773,-1.150148653,-0.700847767
61,Yr2,WB,Winter,Winter,Cereal,EH,2019,T1,EH_T1,0,1,207.643125,1,7.679685996,0,0,0,0,151.9973744,0.9,0,0,13.46,13.46,1.166666667,0,0,1,6.25,NA,0.953125,6.56E-02,0,0,0,12.69230769,10.17948718,10.46153846,1.1875,2.4375,0.725,6.5875,0.55,0.944944919,0,NA,1.065064905,1.042993939,1.154698429
62,Yr2,WB,Winter,Winter,Cereal,EH,2019,T2,EH_T2,0,1,189.216875,1,7.597632407,0,0,0.5196,0,151.9973744,0.9,1,0,12.42,11.9004,1.166666667,0,0,5.25,56.6,NA,0.545833333,2.08E-02,0,0,0,8.324324324,12.72972973,8.864864865,0.8125,3.375,0.0875,0.025,0.5375,1.147187093,0,NA,-0.146232619,-0.092401721,-0.579260675
63,Yr2,WB,Winter,Winter,Cereal,EH,2019,T3,EH_T3,0,1,189.2575,1,7.870954987,0,0,0.306,0.5544,151.9973744,0.9,1,1,11.87,11.0096,1.571428571,0,0,6,42.45,NA,0.403125,7.81E-02,0,0,0,4.282608696,10.17391304,5.891304348,1,5.6875,0.525,0.3,0.75,0.979085171,0,NA,-0.918832286,-0.950592218,-0.575437754
64,Yr2,WW,Winter,Winter,Cereal,HI,2019,T1,HI_T1,0,0,179.275,0,NA,0,0,0,0,169.7639516,0.9,0,0,9.49,9.49,0,6,0,1,36.7,0.75,1.79375,0,0,3,1,26.4,15.125,5.225,0.875,3.625,0.0625,0,0.0125,0.677709938,0,NA,-0.77159276,-1.049597772,-1.138899945
65,Yr2,WW,Winter,Winter,Cereal,HI,2019,T2,HI_T2,0,1,235.41875,0,10.43566143,0,0,0.396,0,169.7639516,0.9,1,0,9.75,9.354,1,0.1875,0,8,79.75,1.8125,1.56875,0,0,0,0.5,13.97435897,19.33333333,2.717948718,1.5,5.125,0.8,0.1125,2.2,0.444344738,0,NA,1.12976107,0.941642248,0.404585829
66,Yr2,WW,Winter,Winter,Cereal,HI,2019,T3,HI_T3,0,1,247.4125,0,10.84869659,0,0,0.3966,0.429,169.7639516,0.9,1,1,11.12,10.2944,0,3.1875,0,7,78.2,1.875,1.09375,0,1,5.5,0.5,15.80434783,13.08695652,4.956521739,2.9375,11.6875,0.475,0.025,0.7375,0.674749578,0,NA,-0.358168309,0.107955524,0.734314116
67,Yr2,SB,Spring,Spring,Cereal,LN,2019,T1,LN_T1,0,0,213.56875,0,NA,0,0,0,0,151.9973744,0.9,0,0,8.32,8.32,1.2,0,0,1,6,0.25,0.9375,0.6875,0,0,2.5,7.6,18.15,2.675,6.25,27.125,0,0,0.0625,0.545044366,0,NA,1.153477935,1.153077416,0.497976998
68,Yr2,SB,Spring,Spring,Cereal,LN,2019,T2,LN_T2,0,1,199.69375,0,5.74185619,1,0,0.6294,0,151.9973744,0.9,1,0,9.85,9.2206,1,0,0,7.25,51.2,0.5625,11.625,0.125,0,0,6.5,9.1,24.5,5.65,5.6875,20.0625,0.2125,0.025,1.65,0.587774291,0,NA,-0.530733632,-0.523535364,-1.151215844
69,Yr2,SB,Spring,Spring,Cereal,LN,2019,T3,LN_T3,0,1,214.875,0,5.534087154,1,0,0.4188,0.5172,151.9973744,0.9,1,1,13.8,12.864,1,0,0,7.25,60.2,3.13E-01,13.96875,0.125,0,0,3.5,10.4375,25.9375,7.354166667,3.75,21.1875,0.225,0,3.4375,0.491957284,0,NA,-0.622744302,-0.629542052,0.653238846
70,Yr2,SO,Spring,Spring,Cereal,MAF,2019,T1,MAF_T1,0,0,161.325,0,NA,0,0,0,0,136.5,0.9,0,0,13.67,13.67,1.333333333,0,0,0.25,42.2,NA,9.38E-02,0,0,0,0,10.6,5.75,3.15,7.75,28.6875,0.0125,0,0.025,0.828913176,0,NA,0.928259983,0.851336071,0.966195892
71,Yr2,SO,Spring,Spring,Cereal,MAF,2019,T2,MAF_T2,0,0,154.5375,0,NA,1,0,0.4602,0,136.5,0.9,1,0,12.5,12.0398,1.25,0,0,5.75,37.3,NA,0,0,0,0,0,10.76923077,11.53846154,7.41025641,5.25,24.125,0.05,0,0.3,0.897480193,0,NA,0.130638916,0.249920724,0.064486864
72,Yr2,SO,Spring,Spring,Cereal,MAF,2019,T3,MAF_T3,0,0,146.29375,0,NA,1,0,0.3342,0.3516,136.5,0.9,1,1,7.62,6.9342,1,0,0,5.5,48.9,NA,0.1875,0,0,0,0,8.666666667,9.270833333,3.791666667,5.8125,23.75,0.0125,0,0.6375,0.845676163,0,NA,-1.058898899,-1.101256794,-1.030682756
73,Yr2,OSR,OSR,Winter,Flower,PF,2019,T1,PF_T1,0,0,59.4825,0,NA,0,0,0,0,321.88,0.82,0,0,5.33,5.33,1.8,0,0,2.333333333,33.4,NA,6.25E-02,2.71E-02,0,0,0,9.931034483,8.103448276,3.344827586,6.8125,0.5625,0.025,0,0.75,0.824441558,0,NA,0.828435069,0.713107465,0.532698739
74,Yr2,OSR,OSR,Winter,Flower,PF,2019,T2,PF_T2,0,0,59.97,0,NA,0,0,0.288,0,321.88,0.82,1,0,7.71,7.422,1.4,0,0,9.75,31.55,NA,0.13125,2.50E-02,0,0,0,14.41666667,12.94444444,2.805555556,4.1875,1,1.2375,0.225,0.875,0.910902863,0,NA,0.282396779,0.429962832,0.620878921
75,Yr2,OSR,OSR,Winter,Flower,PF,2019,T3,PF_T3,0,0,50.16,0,NA,0,0,0.3132,0.3708,321.88,0.82,1,1,7.54,6.856,2.4,0,0,9.25,28.15,NA,4.19E-02,9.37E-03,0,0,0,16.56818182,16.15909091,3.909090909,1.8125,0.25,1.9,0.05,1.175,1.067438162,0,NA,-1.110831848,-1.143070298,-1.15357766
76,Yr2,WW,Winter,Winter,Cereal,RSPB,2019,T1,RSPB_T1,0,1,235.1666667,1,5.99962132,0,0,0,0,169.7639516,0.9,0,0,9.74,9.74,1,2.333333333,0,0.333333333,5.8,8.33E-02,0.15625,0,0,0,3,15.06666667,12.8,2.933333333,6.6875,15.875,0,0,0,0.661130659,0,NA,0.684539423,0.454249157,-0.93767156
77,Yr2,WW,Winter,Winter,Cereal,RSPB,2019,T2,RSPB_T2,0,1,256.3625,1,6.57632447,0,0,0.4752,0,169.7639516,0.9,1,0,13.38,12.9048,1,12,0,6.75,0.65,3.75E-01,0.25,0,0,0,12.5,10.025,12.575,4.475,6.5,17.5,0.0125,0,0.0375,0.649049204,0,NA,0.463059,0.692246553,1.052427276
78,Yr2,WW,Winter,Winter,Cereal,RSPB,2019,T3,RSPB_T3,0,1,243.93125,1,7.046790136,0,0,0.5688,0.9918,169.7639516,0.9,1,1,22.12,20.5594,0,0,0,6.75,4.25,0.875,0.78125,0,0,0,8,14.0625,13.875,5.3125,8.75,19.1875,0.05,0,0.175,0.881754952,0,NA,-1.147598423,-1.14649571,-0.114755716
79,Yr1,WW,Winter,Winter,Cereal,UP,2019,T1,UP_T1,0,0,239.7675,0,NA,0,0,0,0,169.7639516,0.9,0,0,5.6,5.6,2.666666667,0,0,1,12.13333333,0.833333333,3,1.25E-02,0,28,0.5,10.46666667,11.2,12.23333333,2.0625,4.9375,0,0,0.4,1.029477383,0,NA,0.998721237,0.9458813,0.958334575
80,Yr1,WW,Winter,Winter,Cereal,UP,2019,T2,UP_T2,0,0,230.9416667,0,NA,0,0,0.2058,0,169.7639516,0.9,1,0,5.69,5.4842,2.5,0,0,8.333333333,9.066666667,0.75,1.0575,7.50E-03,0.5,5,0,16.66666667,11.1,8.366666667,0.875,3.4375,0.05,0,0,1.058179012,0,NA,0.00255264,0.100628374,0.078682272
81,Yr1,WW,Winter,Winter,Cereal,UP,2019,T3,UP_T3,0,0,219.7475,0,NA,0,1,0.201,0.1704,169.7639516,0.9,1,1,6.31,5.9386,3,0,0,9,10.65,0.9375,1.146875,0,0.5,12,1,24.63888889,14.91666667,7.666666667,5.6875,14.8125,0,0,0,1.038221136,0,NA,-1.001273876,-1.046509674,-1.037016848
82,Yr2,SW,Spring,Spring,Cereal,BF,2020,T1,BF_T1,0,0,121.75875,0,NA,0,0,0,0,169.7639516,0.9,0,0,8.66,8.66,1.6,1.25,0,0.75,24.35,6.25E-02,0,0,7.5,29,3,161.7948718,16.07692308,4.538461538,3.4375,12.6875,0.0125,0,0.075,1.11892178,0,NA,1.15021921,1.120614823,0.661389987
83,Yr3,SW,Spring,Spring,Cereal,BF,2020,T2,BF_T2,0,0,84.596875,0,NA,1,0,0.5922,0,169.7639516,0.9,1,0,11.12,10.5278,2.555555556,0,0.125,8.25,53.15,4.38E-01,0,0,4.5,11.5,3,83.4,18.025,6.9,3.5,13.1875,0.2875,0.0125,0.3625,1.183916852,0,NA,-0.663125667,-0.801485383,-1.150403761
84,Yr4,SW,Spring,Spring,Cereal,BF,2020,T3,BF_T3,0,0,118.223125,0,NA,1,0,0.408,0.2454,169.7639516,0.9,1,1,7.23,6.5766,2,0,0,8,31.55,1.25E-01,0,0,12.5,18,5.5,64.8125,23.27083333,8.395833333,3.25,15.125,0.2,0,0.125,1.152457176,0,NA,-0.487093542,-0.319129439,0.489013774
85,Yr3,WW,Winter,Winter,Cereal,BW,2020,T1,BW_T1,0,1,210.33875,1,9.335537204,0,0,0,0,169.7639516,0.9,0,0,17.1,17.1,1,0,0.0625,1,33.15,1.88E-01,0,0,2.5,20,3.5,11.65789474,15.47368421,12.26315789,2.6875,8.375,0.0125,0,0,0.548034727,0,NA,1.110193904,0.958531211,-1.15381816
86,Yr3,WW,Winter,Winter,Cereal,BW,2020,T2,BW_T2,0,1,238.2,1,9.471612068,0,0,0.777,0,169.7639516,0.9,1,0,8.91,8.133,1.2,0,0,5.75,47.25,1.88E-01,0,0,7,15.5,4.5,13.25,18.55,9.475,2.5625,8,0.5,0,0.0375,0.548034727,0,NA,-0.280138551,0.078330519,0.537822756
87,Yr3,WW,Winter,Winter,Cereal,BW,2020,T3,BW_T3,0,1,239.4875,1,10.15681252,0,0,0.7428,0.4938,169.7639516,0.9,1,1,14.34,13.1034,2,0,0,5.5,47.5,3.75E-01,0,0,7.5,15,8.5,16.04255319,17.19148936,17.10638298,1.75,5.3125,0.8875,0,0.1625,0.548034727,0,NA,-0.830055353,-1.03686173,0.615995404
88,Yr3,OSR,OSR,Winter,Flower,CC,2020,T1,CC_T1,0,0,76.216875,0,NA,0,0,0,0,321.88,0.82,0,0,15.46,15.46,1.666666667,0,0,1.5,34.2,NA,0,0,191,245.5,24.5,88.85,21.1,12,54.375,5.125,0.0625,0,0.15,0.600581205,1,9.293958333,1.035663716,-0.491425676,-0.750682581
89,Yr3,OSR,OSR,Winter,Flower,CC,2020,T2,CC_T2,0,0,82.415,0,NA,0,0,0.3648,0,321.88,0.82,1,0,8.35,7.9852,1.5,0,0,5.25,47.45,NA,0,0,57.5,678,27.5,19.41025641,16.8974359,11.69230769,70.4375,4.9375,0.6875,0.0625,2.175,0.600581205,1,16.31604167,-0.960042781,-0.659204619,-0.384498658
90,Yr3,OSR,OSR,Winter,Flower,CC,2020,T3,CC_T3,0,0,108.1375,0,NA,0,0,1.1076,0.8064,321.88,0.82,1,1,20.94,19.026,1.8,0,0,8.5,43.25,NA,0,0,370.5,1561,45.5,25.14583333,25.58333333,10.29166667,158.125,6.25,0.6,0.1125,1.0875,0.765432292,1,17.719375,-0.075620935,1.150630295,1.135181239
91,Yr3,OSR,OSR,Winter,Flower,DL,2020,T1,DL_T1,0,1,66.403125,0,3.034477975,0,0,0,0,321.88,0.82,0,0,10.9,10.9,1,0,0,1.25,43.4,6.25E-02,0,3.13E-02,62,120,4.5,8.222222222,9.916666667,8.388888889,5.125,2.25,0.2,0.2875,2.0125,0.759343283,1,3.554375,0.029390585,-0.18473023,-0.620768751
92,Yr3,OSR,OSR,Winter,Flower,DL,2020,T2,DL_T2,0,0,105.40125,0,NA,0,0,0.3594,0,321.88,0.82,1,0,11.36,11.0006,1.4,0,0,6.25,39.5,0.25,3.69E-02,0,22,102,6,17.36842105,27.92105263,7.289473684,11.4375,3.125,0.5375,0.0125,0.3125,0.642651864,1,17.05,0.984980727,1.079485197,1.153583414
93,Yr3,OSR,OSR,Winter,Flower,DL,2020,T3,DL_T3,0,1,68.33625,0,2.517077371,0,0,0.5418,0.3384,321.88,0.82,1,1,8.51,7.6298,2,0,0,8.75,27.4,0.5,5.00E-02,0,10,176,6,22.31914894,19.19148936,7.85106383,4.5625,3.25,0.35,0,0.35,0.642651864,1,35.03875,-1.014371313,-0.894754967,-0.532814663
94,Yr3,SB,Spring,Spring,Cereal,DP,2020,T1,DP_T1,1,0,169.625,0,NA,0,0,0,0,151.9973744,0.9,0,0,11.67,11.67,0,0.0625,0.8125,1.75,15.55,1,0,0,0,0,10.5,15.9,16.325,6.425,2.875,7,0,0.025,0,1.013075414,0,NA,NA,NA,NA
95,Yr3,SB,Spring,Spring,Cereal,DP,2020,T2,DP_T2,0,0,138.9875,0,NA,1,0,0.618,0,151.9973744,0.9,1,0,17.05,16.432,0,0,0.3125,7.75,33.35,0.6875,0,0,0,0,8.5,7.894736842,26.26315789,9.157894737,3,6.9375,0.125,0.0125,0.2125,0.71877626,0,NA,0.707106781,0.707106781,-0.707106781
96,Yr3,SB,Spring,Spring,Cereal,DP,2020,T3,DP_T3,0,0,141.375,0,NA,1,0,0.5892,0.7254,151.9973744,0.9,1,1,14.19,12.8754,1,0,0.75,6,39.4,0.9375,0,0,0,0,11.5,28.86956522,25.41304348,4.847826087,3,6.4375,0.2375,0.0125,0.4125,0.838944898,0,NA,-0.707106781,-0.707106781,0.707106781
97,Yr3,OSR,OSR,Winter,Flower,EH,2020,T1,EH_T1,0,1,125.434375,1,3.445739535,0,0,0,0,321.88,0.82,0,0,13.46,13.46,1.25,0,0,1,27.1,0,7.44E-02,2.87E-02,48.5,612.5,23,27.7027027,6.891891892,7.72972973,19.375,3.0625,0,0,0.0625,0.944944919,1,13.254375,0.50233597,0.340376781,-0.224518527
98,Yr3,OSR,OSR,Winter,Flower,EH,2020,T2,EH_T2,0,1,147.13,1,2.748552035,0,0,0.5196,0,321.88,0.82,1,0,12.42,11.9004,1.25,0,0,5.5,30.1,6.25E-02,1.25E-02,6.25E-03,58.5,377.5,12,12.48717949,10.58974359,4.179487179,14.3125,3.0625,0.2375,0.025,0.7375,1.147187093,1,20.238125,0.649245215,0.785378319,1.093173925
99,Yr3,OSR,OSR,Winter,Flower,EH,2020,T3,EH_T3,0,1,114.82875,1,3.816367424,0,0,0.306,0.5544,321.88,0.82,1,1,11.87,11.0096,1,0,0,7,22.25,1.25E-01,0,1.50E-02,35,470.5,13.5,18.76190476,18.0952381,5.666666667,15.0625,1.75,0.1875,0.0125,0.4875,0.979085171,1,18.3475,-1.151581185,-1.125755099,-0.868655398
100,Yr3,WW,Winter,Winter,Cereal,FE,2020,T1,FE_T1,0,0,174.2375,0,NA,0,0,0,0,169.7639516,0.9,0,0,11.28,11.28,1.8,0.625,0.9375,5.75,19.05,6.25E-02,0,0,1.5,51,3,7.85,14.875,5.9,3.6875,12.3125,0.7625,0.0375,0.5,0.805027258,0,NA,1.064211014,1.049785304,1.110653241
101,Yr3,WW,Winter,Winter,Cereal,FE,2020,T2,FE_T2,0,0,157.975,0,NA,0,0,0.3588,0,169.7639516,0.9,1,0,11.82,11.4612,1.6,0.8125,0.75,9.5,19,0.25,0,0,6.5,60,5.5,7.58974359,20.30769231,4.641025641,4.75,19.125,0.875,0.0375,0.225,0.886747388,0,NA,-0.144044702,-0.108403622,-0.828890204
102,Yr3,WW,Winter,Winter,Cereal,FE,2020,T3,FE_T3,0,0,162.5625,0,NA,0,0,0.5226,0.4452,169.7639516,0.9,1,1,15.1,14.1322,1.5,0.3125,0.4375,7.75,34.7,1.25E-01,0,0,3.5,32,6,14.875,20.39583333,5.791666667,3.375,10.5,1.1,0,0.4875,0.75304758,0,NA,-0.920166312,-0.941381682,-0.281763037
103,Yr3,SB,Spring,Spring,Cereal,HI,2020,T1,HI_T1,0,0,85.561875,0,NA,0,0,0,0,151.9973744,0.9,0,0,9.49,9.49,0,0.3125,0.125,0.75,50.65,1.88E-01,0,0,1.5,18.5,1,32.3,15.6,8.15,1.3125,6.6875,0,0.0625,0.125,0.677709938,0,NA,1.021148905,0.86340239,-0.52750359
104,Yr3,SB,Spring,Spring,Cereal,HI,2020,T2,HI_T2,0,0,85.126875,0,NA,1,0,0.396,0,151.9973744,0.9,1,0,9.75,9.354,0,0,0.0625,7.25,37.75,1.25E-01,0,0,1,18.5,2,32.76923077,15.30769231,2.564102564,0.75,6.25,0.225,0.025,0.5875,0.444344738,0,NA,-0.043732739,0.2323035,-0.625801448
105,Yr3,SB,Spring,Spring,Cereal,HI,2020,T3,HI_T3,0,0,93,0,NA,1,0,0.3966,0.429,151.9973744,0.9,1,1,11.12,10.2944,1.5,0,0.0625,7.5,43.8,1.88E-01,3.75E-02,0,0,5,2.5,22.14893617,16.61702128,6.595744681,1.75,8.25,0.1375,0.0125,0.15,0.674749578,0,NA,-0.977416166,-1.09570589,1.153305038
106,Yr3,WB,Winter,Winter,Cereal,LN,2020,T1,LN_T1,0,0,179.175,0,NA,0,0,0,0,151.9973744,0.9,0,0,8.32,8.32,0,0.5,0.125,0.75,33.3,1.88E-01,0,1.25,0,0,5,14.5,18.95,6.775,0.875,2.9375,0,0,0.025,0.545044366,0,NA,1.146680745,0.314120473,-1.051502394
107,Yr3,WB,Winter,Winter,Cereal,LN,2020,T2,LN_T2,0,1,201.24375,0,5.675874332,0,0,0.6294,0,151.9973744,0.9,1,0,9.85,9.2206,1,0.125,0.4375,5.25,48.5,0.6875,0,1.1875,0,0,6,13.1025641,25.48717949,4.487179487,1.25,3.5,0.1375,0.05,0.05,0.587774291,0,NA,-0.455686424,0.805226751,0.112523613
108,Yr3,WB,Winter,Winter,Cereal,LN,2020,T3,LN_T3,0,1,216.9125,0,6.237182675,0,0,0.4188,0.5172,151.9973744,0.9,1,1,13.8,12.864,1,0,0.1875,6.25,56.25,1.25E-01,0,1.625,0,0,1.5,14.125,16.16666667,4.958333333,0.4375,2.4375,0.1625,0.0875,0.1375,0.491957284,0,NA,-0.690994322,-1.119347224,0.938978781
109,Yr3,WB,Winter,Winter,Cereal,PF,2020,T1,PF_T1,0,0,89.85666667,0,NA,0,0,0,0,151.9973744,0.9,0,0,5.33,5.33,1,0,0,2.333333333,17.86666667,2.73E-01,0,0,0,61.5,0.5,8.740740741,12.25925926,2.814814815,1.6875,7.0625,0.0625,0,0.05,0.824441558,0,NA,0.863647438,0.760278654,0.753229959
110,Yr3,WB,Winter,Winter,Cereal,PF,2020,T2,PF_T2,0,0,83.7025,0,NA,0,0,0.288,0,151.9973744,0.9,1,0,7.71,7.422,1.25,0,0,6,50.9,0.625,0,0,3.5,87,0.5,5.289473684,13.86842105,3.342105263,3.5,13.5,1.2125,0.0125,0.35,0.910902863,0,NA,0.231941923,0.372510841,0.381331899
111,Yr3,WB,Winter,Winter,Cereal,PF,2020,T3,PF_T3,0,0,58.6175,0,NA,0,0,0.3132,0.3708,151.9973744,0.9,1,1,7.54,6.856,1.714285714,0,0,6.75,34,0,0,0,9.5,239,4.5,7.127659574,14.10638298,4.127659574,2.25,9,1.1,0.05,0.35,1.067438162,0,NA,-1.095589361,-1.132789495,-1.134561859
112,Yr4,WW,Winter,Winter,Cereal,BB,2021,T1,BB_T1,0,0,233.05,0,NA,0,0,0,0,169.7639516,0.9,0,0,4.9,4.9,1.4,0,0.5,1.25,30.65,0.625,0.625,0,0,0,10,11.2,47.725,10.525,2.8125,9.875,0.05,0,0.3375,0.544535071,0,NA,1.105553463,1.117132595,0.234099765
113,Yr4,WW,Winter,Winter,Cereal,BB,2021,T2,BB_T2,0,0,214.9,0,NA,0,0,0.2508,0,169.7639516,0.9,1,0,4.55,4.2992,1,0,0.0625,7,45.3,1.6875,0,0,0,0,9.5,32.9,41.45,6.55,2.3125,8.5,0.3125,0.0125,0.875,0.923468019,0,NA,-0.264135683,-0.305562199,-1.096283243
114,Yr4,WW,Winter,Winter,Cereal,BB,2021,T3,BB_T3,0,0,241.61875,0,NA,0,0,0.2628,0.2394,169.7639516,0.9,1,1,4.42,3.9178,1.75,1.3125,0.25,3.75,54.6,2.0625,0.75,0,0,0,16,6.5,26.89583333,8.083333333,1.8125,6.25,0.15,0.0375,1.15,0.92616285,0,NA,-0.84141778,-0.811570396,0.862183478
115,Yr4,SB,Spring,Spring,Cereal,BW,2021,T1,BW_T1,0,0,160.0909375,0,NA,0,0,0,0,151.9973744,0.9,0,0,17.1,17.1,1.333333333,0,0.125,1,85.9,0.90625,3.13E-02,0,0,69.5,2.5,3.625,8.425,1.925,0.5,3.75,0,0.1125,0.025,0.548034727,0,NA,1.045137251,0.776521691,-1.060688124
116,Yr4,SB,Spring,Spring,Cereal,BW,2021,T2,BW_T2,0,0,180.3959375,0,NA,1,0,0.777,0,151.9973744,0.9,1,0,8.91,8.133,1.444444444,0,0.125,5,88.8,5,3.13E-02,0,0.5,32.5,1.5,5.425,11.95,2.3,1,5.6875,0.475,0.0125,0.1625,0.548034727,0,NA,-0.097402665,0.351847625,0.925572512
117,Yr4,SB,Spring,Spring,Cereal,BW,2021,T3,BW_T3,0,0,172.3153125,0,NA,1,0,0.7428,0.4938,151.9973744,0.9,1,1,14.34,13.1034,2.75,0,0.0625,2.5,70.3,1.3125,8.13E-02,0,1,35,4.5,5.979166667,12.33333333,1.708333333,1.1875,5.8125,0.125,0,0.0625,0.548034727,0,NA,-0.947734586,-1.128369316,0.135115612
118,Yr4,WW,Winter,Winter,Cereal,CC,2021,T1,CC_T1,0,0,149.98125,0,NA,0,0,0,0,169.7639516,0.9,0,0,15.46,15.46,1,13.0625,0.4375,2.25,56.05,NA,0,0,0,3.5,0.5,36.075,10.05,3.45,0.4375,1.3125,0.0375,0.0125,0.7,0.600581205,0,NA,-0.707106781,-0.707106781,-0.707106781
119,Yr4,WW,Winter,Winter,Cereal,CC,2021,T2,CC_T2,1,0,NA,0,NA,0,0,0.3648,0,169.7639516,0.9,1,0,8.35,7.9852,1.333333333,0,0,7.75,59.4,NA,NA,NA,NA,NA,NA,NA,NA,NA,0.25,0.3125,0.1625,0,0.525,0.600581205,0,NA,NA,NA,NA
120,Yr4,WW,Winter,Winter,Cereal,CC,2021,T3,CC_T3,0,0,246.683125,0,NA,0,0,1.1076,0.8064,169.7639516,0.9,1,1,20.94,19.026,1.6,3.4375,0.1875,8.5,35.65,NA,0,0,0,2,0,70.875,12.5,2.833333333,0.375,1.625,0.1875,0,0.475,0.765432292,0,NA,0.707106781,0.707106781,0.707106781
121,Yr4,WW,Winter,Winter,Cereal,CF,2021,T1,CF_T1,0,0,215.39375,0,NA,0,0,0,0,169.7639516,0.9,0,0,9.55,9.55,1.571428571,0,0.375,1.75,40.6,0.625,0,0,1.5,1.5,0.5,19.02941176,20.61764706,5.5,0.9375,6.5625,0,0.125,0.6875,0.952753758,0,NA,1.10122169,1.084396916,0.083568983
122,Yr4,WW,Winter,Winter,Cereal,CF,2021,T2,CF_T2,0,0,210.24375,0,NA,0,0,0.6504,0,169.7639516,0.9,1,0,9.03,8.3796,2.142857143,0,0.125,7.75,65.95,1.25,0,0,0.5,4.5,1,36.46153846,15,2.025641026,1.4375,9.5,0.3375,0,2.2875,1.067828701,0,NA,-0.249806769,-0.198596221,-1.039162138
123,Yr4,WW,Winter,Winter,Cereal,CF,2021,T3,CF_T3,0,0,219.39375,0,NA,0,0,0.4692,0.5154,169.7639516,0.9,1,1,9.53,8.5454,1.2,0,0.3125,6.5,74,1,1.87E-02,0,4.5,15,3,29.65217391,14.52173913,3.391304348,1.5,9.9375,0.15,0.025,1.0375,1.067828701,0,NA,-0.851414921,-0.885800694,0.955593154
124,Yr4,WW,Winter,Winter,Cereal,DL,2021,T1,DL_T1,0,1,173.20625,1,5.3142688,0,0,0,0,169.7639516,0.9,0,0,10.9,10.9,1.125,0,0,1,80.45,0.25,1.88E-02,1.25E-02,1,1,1.5,5.975,4.275,2.025,1.0625,2.125,0.1375,0.0625,1.0875,0.759343283,0,NA,0.784990261,0.618240178,-1.048386318
125,Yr4,WW,Winter,Winter,Cereal,DL,2021,T2,DL_T2,0,1,181.53125,1,7.017257806,0,0,0.3594,0,169.7639516,0.9,1,0,11.36,11.0006,3,0,0.1875,7.75,62.5,3.75E-01,1.00E-01,0,0,1,1,22.275,13.5,3.625,1.125,2.875,0.3375,0,0.475,0.642651864,0,NA,0.340882479,0.535471121,0.105069554
126,Yr4,WW,Winter,Winter,Cereal,DL,2021,T3,DL_T3,0,1,187.58125,1,6.246683137,0,0,0.5418,0.3384,169.7639516,0.9,1,1,8.51,7.6298,1.857142857,0,0.25,10,40.95,0.625,0.15625,2.50E-02,0.5,0.5,2,13.8125,12.70833333,4.458333333,0.5,1.6875,0.4125,0.025,0.4625,0.642651864,0,NA,-1.12587274,-1.153711299,0.943316764
127,Yr4,WB,Winter,Winter,Cereal,DP,2021,T1,DP_T1,0,0,182.34375,0,NA,0,0,0,0,151.9973744,0.9,0,0,7.68,7.68,1,0,0,1,22,NA,0.3125,0.3125,0,0,0,1.945945946,6.216216216,6.702702703,2.0625,3.5625,0.1,0.0375,0,1.013075414,0,NA,0.491702281,-0.36353086,-1.065482242
128,Yr4,WB,Winter,Winter,Cereal,DP,2021,T2,DP_T2,0,0,210.59375,0,NA,0,0,0.618,0,151.9973744,0.9,1,0,17.05,16.432,1.25,0,0,6.25,35.2,NA,1.3125,0,0,0,0,1.666666667,4.153846154,2.153846154,1.9375,4,0.0125,0.05,0.075,0.71877626,0,NA,0.658953617,1.130914515,0.147305402
129,Yr4,WB,Winter,Winter,Cereal,DP,2021,T3,DP_T3,0,0,228.55,0,NA,0,0,0.5892,0.7254,151.9973744,0.9,1,1,14.19,12.8754,1.333333333,0,0,3.5,37.45,NA,1.78125,0,0,0,0,6.454545455,5.045454545,0.863636364,1.375,3.375,0.0375,0.05,0.025,0.838944898,0,NA,-1.150655899,-0.767383655,0.91817684
130,Yr4,WW,Winter,Winter,Cereal,EH,2021,T1,EH_T1,0,0,188.239375,0,NA,0,0,0,0,169.7639516,0.9,0,0,13.46,13.46,1,0,0,1.5,8.9,1.25,6.25E-02,6.25E-03,0,5.5,0.5,22.075,7.425,4.875,0.4375,5,0.0875,0,0.075,0.944944919,0,NA,0.483619831,-0.16157687,-1.154587189
131,Yr4,WW,Winter,Winter,Cereal,EH,2021,T2,EH_T2,0,0,219.350625,0,NA,0,0,0.5196,0,169.7639516,0.9,1,0,12.42,11.9004,1.666666667,1.9375,0.25,6.5,28.95,2.1875,0.5125,3.13E-02,2.5,11,4,23.07894737,9.710526316,2.631578947,1,4.5,0.1,0,0.2375,1.147187093,0,NA,0.666256103,1.07094988,0.563282284
132,Yr4,WW,Winter,Winter,Cereal,EH,2021,T3,EH_T3,0,0,219.858125,0,NA,0,0,0.306,0.5544,169.7639516,0.9,1,1,11.87,11.0096,1,0,0.0625,7.75,10.7,1.375,0.05,2.50E-02,0.5,6,8.5,17.85416667,14.91666667,4.041666667,0.625,4.5,0.1125,0,0.425,0.979085171,0,NA,-1.149875934,-0.90937301,0.591304905
133,Yr4,WW,Winter,Winter,Cereal,FE,2021,T1,FE_T1,0,0,133.371875,0,NA,0,0,0,0,169.7639516,0.9,0,0,11.28,11.28,1.222222222,10.75,0.5,7.25,58.75,1.25E-01,0,6.25E-03,0,3.5,0.5,9.55,12.925,1.375,0.875,1.0625,0.575,0.0375,1.05,0.805027258,0,NA,0.423906915,-0.368260038,-1.143445877
134,Yr4,WW,Winter,Winter,Cereal,FE,2021,T2,FE_T2,0,0,155.42125,0,NA,0,0,0.3588,0,169.7639516,0.9,1,0,11.82,11.4612,3,0.625,0.6875,8,43.2,0.75,2.50E-02,0,0,3,14,8.871794872,9.512820513,1.102564103,1,1.6875,0.7375,0.0125,0.4,0.886747388,0,NA,0.718222438,1.1319108,0.432443923
135,Yr4,WW,Winter,Winter,Cereal,FE,2021,T3,FE_T3,0,0,159.31875,0,NA,0,0,0.5226,0.4452,169.7639516,0.9,1,1,15.1,14.1322,1.6,0,0.5625,7,49.3,1.4375,0,0,0,1.5,6.5,5.97826087,11.04347826,1.152173913,0.6875,1.875,0.6,0,0.575,0.75304758,0,NA,-1.142129352,-0.763650762,0.711001954
136,Yr4,SO,Spring,Spring,Cereal,HI,2021,T1,HI_T1,0,0,76.795,0,NA,0,0,0,0,136.5,0.9,0,0,9.49,9.49,0,1.875,0.1875,0.5,58.4,NA,2.23125,0,2.5,92,0.5,10.71794872,16.53846154,2.076923077,1.375,10.875,0.1125,0.0125,0.025,0.677709938,0,NA,1.100221782,0.1298419,-0.455589987
137,Yr4,SO,Spring,Spring,Cereal,HI,2021,T2,HI_T2,0,0,72.14625,0,NA,1,0,0.396,0,136.5,0.9,1,0,9.75,9.354,1,0,0.4375,8.25,18.4,NA,0.60625,5.88E-03,5,55.5,1.5,17.26315789,30.23684211,0.763157895,0.6875,8.5625,0.3125,0,0.25,0.444344738,0,NA,-0.853646759,-1.058578744,-0.691078405
138,Yr4,SO,Spring,Spring,Cereal,HI,2021,T3,HI_T3,0,0,108.425,0,NA,1,0,0.3966,0.429,136.5,0.9,1,1,11.12,10.2944,1,0.3125,0.25,8.75,24.8,NA,1.24375,0,6.5,52.5,2.5,18.72340426,22.74468085,0.468085106,1.4375,14.3125,0.3375,0.0375,0.2,0.674749578,0,NA,-0.246575023,0.928736844,1.146668392
139,Yr4,OSR,OSR,Winter,Flower,LN,2021,T1,LN_T1,0,0,75.2875,0,NA,0,0,0,0,321.88,0.82,0,0,8.32,8.32,1.333333333,0,0,0.75,20,0.9375,0.9375,6.25E-02,0,0,14.5,27.175,11.625,5.05,36.5,0.1875,0,0.0375,0.0375,0.545044366,0,NA,0.504649591,0.105378865,-0.42599588
140,Yr4,OSR,OSR,Winter,Flower,LN,2021,T2,LN_T2,0,1,69.51875,0,1.929828962,0,0,0.6294,0,321.88,0.82,1,0,9.85,9.2206,1.5,0,0,5.25,42.65,1.4375,0.5,0,0,0,5,19.4,18.925,3.025,11.25,0.25,0.2125,0.1,0.125,0.587774291,0,NA,-1.151767174,-1.048516461,-0.716461921
141,Yr4,OSR,OSR,Winter,Flower,LN,2021,T3,LN_T3,0,1,106.4375,0,1.681594354,0,0,0.4188,0.5172,321.88,0.82,1,1,13.8,12.864,1,0,0,6,34.4,2.3125,0.53125,6.25E-02,0,0,9.5,14.20833333,17.41666667,6.416666667,40.9375,5.125,0.1625,0.0125,0.3625,0.491957284,0,NA,0.647117583,0.943137596,1.142457801
142,Yr4,WW,Winter,Winter,Cereal,MAF,2021,T1,MAF_T1,0,0,288.06875,0,NA,0,0,0,0,169.7639516,0.9,0,0,13.67,13.67,1.5,1.875,0,1.75,42.45,3.75E-01,3.13E-02,0,0,0,0,20.125,10.55,7.625,0.25,12.6875,0,0.0875,0.0125,0.828913176,0,NA,0.879617164,0.81804051,0.552115078
143,Yr4,WW,Winter,Winter,Cereal,MAF,2021,T2,MAF_T2,0,0,288.40625,0,NA,0,0,0.4602,0,169.7639516,0.9,1,0,12.5,12.0398,1,1.9375,0.125,6,54.75,0.9375,0.90625,0,0,0,0,16.05,16.125,11.1,0.8125,7.8125,0.0375,0.0375,0.0375,0.897480193,0,NA,0.20803803,0.296746911,0.602223001
144,Yr4,WW,Winter,Winter,Cereal,MAF,2021,T3,MAF_T3,0,0,276.575,0,NA,0,0,0.3342,0.3516,169.7639516,0.9,1,1,7.62,6.9342,2,0.25,0,4.75,42.7,0.875,0.53125,0,0,0,0,13.29166667,13.72916667,9.979166667,0.375,0.625,0.0125,0.0125,0.025,0.845676163,0,NA,-1.087655195,-1.114787421,-1.154338078
145,Yr4,WW,Winter,Winter,Cereal,RSPB,2021,T1,RSPB_T1,0,1,200.9916667,1,6.93369022,0,0,0,0,169.7639516,0.9,0,0,9.74,9.74,0,3.833333333,0.083333333,0,13.26666667,0.666666667,0,0,0,0,6.5,41.16666667,14.36666667,1.3,1.375,5.5,0.0375,0,0.05,0.661130659,0,NA,-0.407704815,-0.765140965,-1.148661703
146,Yr4,WW,Winter,Winter,Cereal,RSPB,2021,T2,RSPB_T2,0,1,262.19375,1,6.908612597,0,0,0.4752,0,169.7639516,0.9,1,0,13.38,12.9048,0,10.5625,0.0625,6,46,3.13E-01,6.25E-02,0,0,0,3.5,42.375,21.6,2.225,0.5,6.75,0.2375,0.0375,0.0625,0.649049204,0,NA,1.139444513,1.13151606,0.676469089
147,Yr4,WW,Winter,Winter,Cereal,RSPB,2021,T3,RSPB_T3,0,1,255.34375,1,8.004975497,0,0,0.5688,0.9918,169.7639516,0.9,1,1,22.12,20.5594,0,8.6875,0.125,6.75,44.25,1.1875,9.38E-02,0,0,0,4.5,41.875,24.33333333,3.0625,1.3125,3.875,0.075,0,0.0125,0.881754952,0,NA,-0.731739698,-0.366375095,0.472192613
148,Yr3,WW,Winter,Winter,Cereal,UP,2021,T1,UP_T1,0,0,176.8666667,0,NA,0,0,0,0,169.7639516,0.9,0,0,5.6,5.6,2,0,0.666666667,1,31,0.25,0,0,0,3,0,11.85185185,7.074074074,1.888888889,0.875,3,0,0.0125,0.0625,1.029477383,0,NA,1.153784848,1.154215225,0.702010946
149,Yr3,WW,Winter,Winter,Cereal,UP,2021,T2,UP_T2,0,0,151.41,0,NA,0,0,0.2058,0,169.7639516,0.9,1,0,5.69,5.4842,2.125,0.25,0.666666667,6,83,3.33E-01,0,0,0.5,6,1,16.78571429,10.82142857,3.214285714,1.0625,6.0625,0.125,0.0125,0.7,1.058179012,0,NA,-0.537075432,-0.606097442,-1.144973655
150,Yr3,WW,Winter,Winter,Cereal,UP,2021,T3,UP_T3,0,0,173.29625,0,NA,0,0,0.201,0.1704,169.7639516,0.9,1,1,6.31,5.9386,2,0,0.8125,8,94.5,1.625,0,0,0.5,2,0,12.07317073,10.2195122,3.463414634,1.0625,1.375,0.3,0.0125,0.45,1.038221136,0,NA,-0.616709416,-0.548117784,0.442962709
